n_agents,premium_ate,cohens_d,p_value,direction
100,-0.032000,-0.4377,0.327690,negative
500,-0.078000,-1.0662,0.017121,negative
1000,-0.005600,-0.0895,0.841361,negative
2000,-0.085200,-1.8944,0.000023,negative
5000,-0.075020,-1.7320,0.000108,negative
