distribution,none_survival,premium_survival,ate,paradox
Default,0.581300,0.568700,-0.012600,true
Narrow,0.314300,0.188850,-0.125450,true
Wide,0.677650,0.637750,-0.039900,true
Low,0.014500,0.004850,-0.009650,false
