tier,point_ate,bootstrap_std,ci_95_lower,ci_95_upper,ci_99_lower,ci_99_upper,sig_95,sig_99
none,0.000000,0.017893,-0.036800,0.036650,-0.050700,0.043000,false,false
basic,-0.045000,0.019261,-0.082100,-0.006000,-0.093950,0.003600,true,false
advanced,-0.033800,0.016236,-0.067500,-0.004200,-0.076200,0.005950,true,false
premium,-0.060400,0.017853,-0.096450,-0.027850,-0.110300,-0.019700,true,true
