tier,mean_survival,std_survival,ate,t_stat,p_value
none,0.579806,0.068265,0.000000,0.0000,1.000000
basic,0.574325,0.061349,-0.005481,-0.5341,0.593268
advanced,0.579312,0.069158,-0.000494,-0.0454,0.963762
premium,0.577074,0.073172,-0.002732,-0.2442,0.807075
