n_rounds,premium_ate,cohens_d,p_value,paradox
60,-0.004250,-0.1600,0.612905,false
120,-0.075700,-1.2521,0.000075,true
200,-0.139550,-1.1600,0.000244,true
400,-0.118850,-1.4659,0.000004,true
