tier,mean_survival,std_survival,ate,p_value
none,0.702000,0.029919,0.000000,1.000000
basic,0.705400,0.047137,0.003400,0.785357
advanced,0.700800,0.042621,-0.001200,0.917918
premium,0.705800,0.040283,0.003800,0.734854
